id_venta|id_producto|cantidad|total|fecha_venta|id_cliente|nombre_cliente|medio_pago|producto|categoria|precio|email|ciudad|fecha_alta_cli
1|90|1|2902|2024-06-19|62|GUADALUPE ROMERO|1|TOALLAS HÚMEDAS X50|0|2902|GUADALUPE.ROMERO@MAIL.COM|0|2023-03-03
2|82|5|11970|2024-03-17|49|OLIVIA GOMEZ|2|ACEITUNAS NEGRAS 200G|1|2394|OLIVIA.GOMEZ@MAIL.COM|1|2023-02-18
2|39|5|2345|2024-03-17|49|OLIVIA GOMEZ|2|HELADO VAINILLA 1L|1|469|OLIVIA.GOMEZ@MAIL.COM|1|2023-02-18
2|70|2|8122|2024-03-17|49|OLIVIA GOMEZ|2|FERNET 750ML|1|4061|OLIVIA.GOMEZ@MAIL.COM|1|2023-02-18
2|22|1|2069|2024-03-17|49|OLIVIA GOMEZ|2|MEDIALUNAS DE MANTECA|1|2069|OLIVIA.GOMEZ@MAIL.COM|1|2023-02-18
2|79|4|9680|2024-03-17|49|OLIVIA GOMEZ|2|HAMBURGUESAS CONGELADAS X4|1|2420|OLIVIA.GOMEZ@MAIL.COM|1|2023-02-18
3|9|2|7756|2024-01-13|20|TOMAS ACOSTA|1|YERBA MATE SUAVE 1KG|1|3878|TOMAS.ACOSTA@MAIL.COM|1|2023-01-20
3|2|2|9946|2024-01-13|20|TOMAS ACOSTA|1|PEPSI 1.5L|1|4973|TOMAS.ACOSTA@MAIL.COM|1|2023-01-20
3|85|1|1856|2024-01-13|20|TOMAS ACOSTA|1|JUGO EN POLVO NARANJA|1|1856|TOMAS.ACOSTA@MAIL.COM|1|2023-01-20
4|4|2|4066|2024-02-27|36|MARTINA MOLINA|3|FANTA NARANJA 1.5L|1|2033|MARTINA.MOLINA@MAIL.COM|2|2023-02-05
4|23|5|11900|2024-02-27|36|MARTINA MOLINA|3|BIZCOCHOS SALADOS|1|2380|MARTINA.MOLINA@MAIL.COM|2|2023-02-05
5|86|4|16360|2024-06-11|56|BRUNO DIAZ|1|JUGO EN POLVO LIMÓN|1|4090|BRUNO.DIAZ@MAIL.COM|1|2023-02-25
6|25|2|8030|2024-05-05|91|UMA SANCHEZ|3|GALLETITAS VAINILLA|1|4015|UMA.SANCHEZ@MAIL.COM|2|2023-04-01
6|31|3|10227|2024-05-05|91|UMA SANCHEZ|3|MIX DE FRUTOS SECOS 200G|1|3409|UMA.SANCHEZ@MAIL.COM|2|2023-04-01
6|83|1|1830|2024-05-05|91|UMA SANCHEZ|3|QUESO UNTABLE 190G|1|1830|UMA.SANCHEZ@MAIL.COM|2|2023-04-01
6|59|4|14448|2024-05-05|91|UMA SANCHEZ|3|CHICLE MENTA|1|3612|UMA.SANCHEZ@MAIL.COM|2|2023-04-01
7|63|3|13011|2024-05-06|92|MARIANA RODRIGUEZ|0|GRANOLA 250G|1|4337|MARIANA.RODRIGUEZ@MAIL.COM|3|2023-04-02
8|53|5|8320|2024-01-06|66|TOMAS HERRERA|3|LAVANDINA 1L|0|1664|TOMAS.HERRERA@MAIL.COM|4|2023-03-07
8|18|4|13776|2024-01-06|66|TOMAS HERRERA|3|QUESO RALLADO 150G|1|3444|TOMAS.HERRERA@MAIL.COM|4|2023-03-07
8|68|5|13420|2024-01-06|66|TOMAS HERRERA|3|VINO BLANCO 750ML|1|2684|TOMAS.HERRERA@MAIL.COM|4|2023-03-07
9|65|4|9692|2024-01-20|86|DIEGO TORRES|0|CERVEZA RUBIA 1L|1|2423|DIEGO.TORRES@MAIL.COM|5|2023-03-27
10|36|2|5118|2024-05-28|52|DIEGO DIAZ|2|DULCE DE LECHE 400G|1|2559|DIEGO.DIAZ@MAIL.COM|1|2023-02-21
10|100|4|19416|2024-05-28|52|DIEGO DIAZ|2|TRAPO DE PISO|0|4854|DIEGO.DIAZ@MAIL.COM|1|2023-02-21
10|37|3|9588|2024-05-28|52|DIEGO DIAZ|2|MERMELADA DE DURAZNO 400G|1|3196|DIEGO.DIAZ@MAIL.COM|1|2023-02-21
10|62|1|3848|2024-05-28|52|DIEGO DIAZ|2|STEVIA 100 SOBRES|1|3848|DIEGO.DIAZ@MAIL.COM|1|2023-02-21
11|13|1|2383|2024-04-10|20|TOMAS ACOSTA|2|TÉ VERDE 20 SAQUITOS|1|2383|TOMAS.ACOSTA@MAIL.COM|1|2023-01-20
11|65|2|4846|2024-04-10|20|TOMAS ACOSTA|2|CERVEZA RUBIA 1L|1|2423|TOMAS.ACOSTA@MAIL.COM|1|2023-01-20
11|28|1|936|2024-04-10|20|TOMAS ACOSTA|2|PAPAS FRITAS CLÁSICAS 100G|1|936|TOMAS.ACOSTA@MAIL.COM|1|2023-01-20
12|72|2|7752|2024-06-28|96|ROCIO GONZALEZ|0|RON 700ML|1|3876|ROCIO.GONZALEZ@MAIL.COM|5|2023-04-06
12|50|2|1454|2024-06-28|96|ROCIO GONZALEZ|0|AZÚCAR 1KG|1|727|ROCIO.GONZALEZ@MAIL.COM|5|2023-04-06
12|56|3|7596|2024-06-28|96|ROCIO GONZALEZ|0|PAPEL HIGIÉNICO X4|0|2532|ROCIO.GONZALEZ@MAIL.COM|5|2023-04-06
12|87|3|5037|2024-06-28|96|ROCIO GONZALEZ|0|SOPA INSTANTÁNEA POLLO|1|1679|ROCIO.GONZALEZ@MAIL.COM|5|2023-04-06
12|38|4|6336|2024-06-28|96|ROCIO GONZALEZ|0|MERMELADA DE FRUTILLA 400G|1|1584|ROCIO.GONZALEZ@MAIL.COM|5|2023-04-06
13|87|1|1679|2024-01-24|6|UMA MEDINA|1|SOPA INSTANTÁNEA POLLO|1|1679|UMA.MEDINA@MAIL.COM|4|2023-01-06
13|81|3|7560|2024-01-24|6|UMA MEDINA|1|ACEITUNAS VERDES 200G|1|2520|UMA.MEDINA@MAIL.COM|4|2023-01-06
13|13|1|2383|2024-01-24|6|UMA MEDINA|1|TÉ VERDE 20 SAQUITOS|1|2383|UMA.MEDINA@MAIL.COM|4|2023-01-06
14|36|4|10236|2024-04-18|67|IVANA ROMERO|2|DULCE DE LECHE 400G|1|2559|IVANA.ROMERO@MAIL.COM|3|2023-03-08
14|72|5|19380|2024-04-18|67|IVANA ROMERO|2|RON 700ML|1|3876|IVANA.ROMERO@MAIL.COM|3|2023-03-08
14|38|3|4752|2024-04-18|67|IVANA ROMERO|2|MERMELADA DE FRUTILLA 400G|1|1584|IVANA.ROMERO@MAIL.COM|3|2023-03-08
14|97|1|872|2024-04-18|67|IVANA ROMERO|2|LIMPIAVIDRIOS 500ML|0|872|IVANA.ROMERO@MAIL.COM|3|2023-03-08
15|37|3|9588|2024-06-27|56|BRUNO DIAZ|3|MERMELADA DE DURAZNO 400G|1|3196|BRUNO.DIAZ@MAIL.COM|1|2023-02-25
16|35|5|22150|2024-04-12|2|NICOLAS ROJAS|0|BARRITA DE CEREAL 30G|1|4430|NICOLAS.ROJAS@MAIL.COM|0|2023-01-02
17|81|5|12600|2024-02-17|88|FELIPE CASTRO|0|ACEITUNAS VERDES 200G|1|2520|FELIPE.CASTRO@MAIL.COM|4|2023-03-29
17|46|5|15180|2024-02-17|88|FELIPE CASTRO|0|LENTEJAS SECAS 500G|1|3036|FELIPE.CASTRO@MAIL.COM|4|2023-03-29
17|74|3|8859|2024-02-17|88|FELIPE CASTRO|0|WHISKY 750ML|1|2953|FELIPE.CASTRO@MAIL.COM|4|2023-03-29
18|33|2|2510|2024-06-11|81|CAMILA RUIZ|2|CHOCOLATE CON LECHE 100G|1|1255|CAMILA.RUIZ@MAIL.COM|0|2023-03-22
18|4|5|10165|2024-06-11|81|CAMILA RUIZ|2|FANTA NARANJA 1.5L|1|2033|CAMILA.RUIZ@MAIL.COM|0|2023-03-22
18|24|2|2610|2024-06-11|81|CAMILA RUIZ|2|GALLETITAS CHOCOLATE|1|1305|CAMILA.RUIZ@MAIL.COM|0|2023-03-22
18|15|3|7614|2024-06-11|81|CAMILA RUIZ|2|LECHE DESCREMADA 1L|1|2538|CAMILA.RUIZ@MAIL.COM|0|2023-03-22
18|22|5|10345|2024-06-11|81|CAMILA RUIZ|2|MEDIALUNAS DE MANTECA|1|2069|CAMILA.RUIZ@MAIL.COM|0|2023-03-22
19|38|2|3168|2024-06-11|80|GAEL RUIZ|0|MERMELADA DE FRUTILLA 400G|1|1584|GAEL.RUIZ@MAIL.COM|2|2023-03-21
19|98|3|8529|2024-06-11|80|GAEL RUIZ|0|DESENGRASANTE 500ML|0|2843|GAEL.RUIZ@MAIL.COM|2|2023-03-21
19|63|3|13011|2024-06-11|80|GAEL RUIZ|0|GRANOLA 250G|1|4337|GAEL.RUIZ@MAIL.COM|2|2023-03-21
20|32|3|6702|2024-01-13|75|SANTIAGO CASTRO|1|CHOCOLATE AMARGO 100G|1|2234|SANTIAGO.CASTRO@MAIL.COM|1|2023-03-16
21|76|5|21430|2024-06-19|10|KARINA ACOSTA|3|PIZZA CONGELADA MUZZARELLA|1|4286|KARINA.ACOSTA@MAIL.COM|5|2023-01-10
21|35|1|4430|2024-06-19|10|KARINA ACOSTA|3|BARRITA DE CEREAL 30G|1|4430|KARINA.ACOSTA@MAIL.COM|5|2023-01-10
22|9|2|7756|2024-05-08|64|JULIAN ALVAREZ|3|YERBA MATE SUAVE 1KG|1|3878|JULIAN.ALVAREZ@MAIL.COM|4|2023-03-05
22|28|3|2808|2024-05-08|64|JULIAN ALVAREZ|3|PAPAS FRITAS CLÁSICAS 100G|1|936|JULIAN.ALVAREZ@MAIL.COM|4|2023-03-05
22|24|4|5220|2024-05-08|64|JULIAN ALVAREZ|3|GALLETITAS CHOCOLATE|1|1305|JULIAN.ALVAREZ@MAIL.COM|4|2023-03-05
23|64|4|15812|2024-05-16|78|EMILIA ALVAREZ|3|AVENA INSTANTÁNEA 250G|1|3953|EMILIA.ALVAREZ@MAIL.COM|4|2023-03-19
23|83|4|7320|2024-05-16|78|EMILIA ALVAREZ|3|QUESO UNTABLE 190G|1|1830|EMILIA.ALVAREZ@MAIL.COM|4|2023-03-19
24|91|2|9380|2024-06-14|55|OLIVIA RUIZ|1|DESODORANTE AEROSOL|0|4690|OLIVIA.RUIZ@MAIL.COM|2|2023-02-24
24|40|5|6075|2024-06-14|55|OLIVIA RUIZ|1|HELADO CHOCOLATE 1L|1|1215|OLIVIA.RUIZ@MAIL.COM|2|2023-02-24
25|55|1|1407|2024-04-30|13|IVANA SANCHEZ|3|SHAMPOO 400ML|0|1407|IVANA.SANCHEZ@MAIL.COM|0|2023-01-13
25|95|5|7905|2024-04-30|13|IVANA SANCHEZ|3|MASCARILLA CAPILAR|0|1581|IVANA.SANCHEZ@MAIL.COM|0|2023-01-13
25|72|1|3876|2024-04-30|13|IVANA SANCHEZ|3|RON 700ML|1|3876|IVANA.SANCHEZ@MAIL.COM|0|2023-01-13
26|79|2|4840|2024-01-23|49|OLIVIA GOMEZ|0|HAMBURGUESAS CONGELADAS X4|1|2420|OLIVIA.GOMEZ@MAIL.COM|1|2023-02-18
26|86|1|4090|2024-01-23|49|OLIVIA GOMEZ|0|JUGO EN POLVO LIMÓN|1|4090|OLIVIA.GOMEZ@MAIL.COM|1|2023-02-18
27|7|4|13076|2024-02-25|9|YAMILA MOLINA|3|JUGO DE MANZANA 1L|1|3269|YAMILA.MOLINA@MAIL.COM|0|2023-01-09
27|78|4|17156|2024-02-25|9|YAMILA MOLINA|3|VERDURAS CONGELADAS MIX|1|4289|YAMILA.MOLINA@MAIL.COM|0|2023-01-09
28|74|1|2953|2024-05-20|52|DIEGO DIAZ|2|WHISKY 750ML|1|2953|DIEGO.DIAZ@MAIL.COM|1|2023-02-21
28|91|2|9380|2024-05-20|52|DIEGO DIAZ|2|DESODORANTE AEROSOL|0|4690|DIEGO.DIAZ@MAIL.COM|1|2023-02-21
28|72|1|3876|2024-05-20|52|DIEGO DIAZ|2|RON 700ML|1|3876|DIEGO.DIAZ@MAIL.COM|1|2023-02-21
28|18|2|6888|2024-05-20|52|DIEGO DIAZ|2|QUESO RALLADO 150G|1|3444|DIEGO.DIAZ@MAIL.COM|1|2023-02-21
28|27|5|12510|2024-05-20|52|DIEGO DIAZ|2|ALFAJOR SIMPLE|1|2502|DIEGO.DIAZ@MAIL.COM|1|2023-02-21
29|58|1|4752|2024-02-20|49|OLIVIA GOMEZ|2|CARAMELOS MASTICABLES|1|4752|OLIVIA.GOMEZ@MAIL.COM|1|2023-02-18
29|36|2|5118|2024-02-20|49|OLIVIA GOMEZ|2|DULCE DE LECHE 400G|1|2559|OLIVIA.GOMEZ@MAIL.COM|1|2023-02-18
29|71|4|2032|2024-02-20|49|OLIVIA GOMEZ|2|VODKA 700ML|1|508|OLIVIA.GOMEZ@MAIL.COM|1|2023-02-18
29|27|2|5004|2024-02-20|49|OLIVIA GOMEZ|2|ALFAJOR SIMPLE|1|2502|OLIVIA.GOMEZ@MAIL.COM|1|2023-02-18
29|66|1|1533|2024-02-20|49|OLIVIA GOMEZ|2|CERVEZA NEGRA 1L|1|1533|OLIVIA.GOMEZ@MAIL.COM|1|2023-02-18
30|49|4|10048|2024-03-03|93|GAEL ROJAS|0|HARINA DE TRIGO 1KG|1|2512|GAEL.ROJAS@MAIL.COM|3|2023-04-03
30|78|3|12867|2024-03-03|93|GAEL ROJAS|0|VERDURAS CONGELADAS MIX|1|4289|GAEL.ROJAS@MAIL.COM|3|2023-04-03
30|82|4|9576|2024-03-03|93|GAEL ROJAS|0|ACEITUNAS NEGRAS 200G|1|2394|GAEL.ROJAS@MAIL.COM|3|2023-04-03
30|7|1|3269|2024-03-03|93|GAEL ROJAS|0|JUGO DE MANZANA 1L|1|3269|GAEL.ROJAS@MAIL.COM|3|2023-04-03
31|92|4|10048|2024-05-22|19|UMA SILVA|1|CREMA DENTAL 90G|0|2512|UMA.SILVA@MAIL.COM|2|2023-01-19
31|90|3|8706|2024-05-22|19|UMA SILVA|1|TOALLAS HÚMEDAS X50|0|2902|UMA.SILVA@MAIL.COM|2|2023-01-19
31|84|5|8225|2024-05-22|19|UMA SILVA|1|QUESO AZUL 150G|1|1645|UMA.SILVA@MAIL.COM|2|2023-01-19
32|72|5|19380|2024-01-30|31|FELIPE RUIZ|0|RON 700ML|1|3876|FELIPE.RUIZ@MAIL.COM|4|2023-01-31
32|53|4|6656|2024-01-30|31|FELIPE RUIZ|0|LAVANDINA 1L|0|1664|FELIPE.RUIZ@MAIL.COM|4|2023-01-31
32|17|3|14502|2024-01-30|31|FELIPE RUIZ|0|QUESO CREMOSO 500G|1|4834|FELIPE.RUIZ@MAIL.COM|4|2023-01-31
32|35|3|13290|2024-01-30|31|FELIPE RUIZ|0|BARRITA DE CEREAL 30G|1|4430|FELIPE.RUIZ@MAIL.COM|4|2023-01-31
33|47|2|5878|2024-02-13|6|UMA MEDINA|0|GARBANZOS 500G|1|2939|UMA.MEDINA@MAIL.COM|4|2023-01-06
33|76|4|17144|2024-02-13|6|UMA MEDINA|0|PIZZA CONGELADA MUZZARELLA|1|4286|UMA.MEDINA@MAIL.COM|4|2023-01-06
33|100|1|4854|2024-02-13|6|UMA MEDINA|0|TRAPO DE PISO|0|4854|UMA.MEDINA@MAIL.COM|4|2023-01-06
33|91|2|9380|2024-02-13|6|UMA MEDINA|0|DESODORANTE AEROSOL|0|4690|UMA.MEDINA@MAIL.COM|4|2023-01-06
34|10|1|4883|2024-01-13|58|KARINA ACOSTA|3|YERBA MATE INTENSA 1KG|1|4883|KARINA.ACOSTA2@MAIL.COM|1|2023-02-27
34|32|5|11170|2024-01-13|58|KARINA ACOSTA|3|CHOCOLATE AMARGO 100G|1|2234|KARINA.ACOSTA2@MAIL.COM|1|2023-02-27
35|93|3|6426|2024-05-30|61|GUADALUPE MARTINEZ|0|CEPILLO DE DIENTES|0|2142|GUADALUPE.MARTINEZ@MAIL.COM|1|2023-03-02
35|80|2|3962|2024-05-30|61|GUADALUPE MARTINEZ|0|HELADO DE FRUTILLA 1L|1|1981|GUADALUPE.MARTINEZ@MAIL.COM|1|2023-03-02
35|88|5|12850|2024-05-30|61|GUADALUPE MARTINEZ|0|CALDO CONCENTRADO CARNE|1|2570|GUADALUPE.MARTINEZ@MAIL.COM|1|2023-03-02
36|50|4|2908|2024-06-25|5|AGUSTINA FLORES|1|AZÚCAR 1KG|1|727|AGUSTINA.FLORES@MAIL.COM|5|2023-01-05
36|48|2|8924|2024-06-25|5|AGUSTINA FLORES|1|POROTOS NEGROS 500G|1|4462|AGUSTINA.FLORES@MAIL.COM|5|2023-01-05
37|18|3|10332|2024-05-17|57|JULIAN ACOSTA|2|QUESO RALLADO 150G|1|3444|JULIAN.ACOSTA@MAIL.COM|1|2023-02-26
38|62|5|19240|2024-05-29|56|BRUNO DIAZ|1|STEVIA 100 SOBRES|1|3848|BRUNO.DIAZ@MAIL.COM|1|2023-02-25
38|14|3|5169|2024-05-29|56|BRUNO DIAZ|1|LECHE ENTERA 1L|1|1723|BRUNO.DIAZ@MAIL.COM|1|2023-02-25
38|65|5|12115|2024-05-29|56|BRUNO DIAZ|1|CERVEZA RUBIA 1L|1|2423|BRUNO.DIAZ@MAIL.COM|1|2023-02-25
38|5|3|14331|2024-05-29|56|BRUNO DIAZ|1|AGUA MINERAL 500ML|1|4777|BRUNO.DIAZ@MAIL.COM|1|2023-02-25
39|44|4|11916|2024-03-05|5|AGUSTINA FLORES|0|ARROZ LARGO FINO 1KG|1|2979|AGUSTINA.FLORES@MAIL.COM|5|2023-01-05
39|22|2|4138|2024-03-05|5|AGUSTINA FLORES|0|MEDIALUNAS DE MANTECA|1|2069|AGUSTINA.FLORES@MAIL.COM|5|2023-01-05
39|58|4|19008|2024-03-05|5|AGUSTINA FLORES|0|CARAMELOS MASTICABLES|1|4752|AGUSTINA.FLORES@MAIL.COM|5|2023-01-05
39|81|4|10080|2024-03-05|5|AGUSTINA FLORES|0|ACEITUNAS VERDES 200G|1|2520|AGUSTINA.FLORES@MAIL.COM|5|2023-01-05
40|44|2|5958|2024-05-13|15|TOMAS RUIZ|0|ARROZ LARGO FINO 1KG|1|2979|TOMAS.RUIZ@MAIL.COM|5|2023-01-15
41|51|1|1745|2024-03-08|29|DIEGO FERNANDEZ|1|SAL FINA 500G|1|1745|DIEGO.FERNANDEZ@MAIL.COM|3|2023-01-29
41|15|1|2538|2024-03-08|29|DIEGO FERNANDEZ|1|LECHE DESCREMADA 1L|1|2538|DIEGO.FERNANDEZ@MAIL.COM|3|2023-01-29
42|47|3|8817|2024-04-18|12|GAEL GOMEZ|1|GARBANZOS 500G|1|2939|GAEL.GOMEZ@MAIL.COM|3|2023-01-12
42|29|1|1868|2024-04-18|12|GAEL GOMEZ|1|PAPAS FRITAS ONDULADAS 100G|1|1868|GAEL.GOMEZ@MAIL.COM|3|2023-01-12
42|73|3|4683|2024-04-18|12|GAEL GOMEZ|1|GIN 700ML|1|1561|GAEL.GOMEZ@MAIL.COM|3|2023-01-12
43|1|5|11735|2024-02-18|23|HELENA FERNANDEZ|0|COCA COLA 1.5L|1|2347|HELENA.FERNANDEZ@MAIL.COM|1|2023-01-23
43|49|2|5024|2024-02-18|23|HELENA FERNANDEZ|0|HARINA DE TRIGO 1KG|1|2512|HELENA.FERNANDEZ@MAIL.COM|1|2023-01-23
43|66|2|3066|2024-02-18|23|HELENA FERNANDEZ|0|CERVEZA NEGRA 1L|1|1533|HELENA.FERNANDEZ@MAIL.COM|1|2023-01-23
44|48|1|4462|2024-02-21|21|ELENA RODRIGUEZ|0|POROTOS NEGROS 500G|1|4462|ELENA.RODRIGUEZ@MAIL.COM|3|2023-01-21
44|47|2|5878|2024-02-21|21|ELENA RODRIGUEZ|0|GARBANZOS 500G|1|2939|ELENA.RODRIGUEZ@MAIL.COM|3|2023-01-21
44|100|2|9708|2024-02-21|21|ELENA RODRIGUEZ|0|TRAPO DE PISO|0|4854|ELENA.RODRIGUEZ@MAIL.COM|3|2023-01-21
45|12|2|1140|2024-01-19|15|TOMAS RUIZ|0|TÉ NEGRO 20 SAQUITOS|1|570|TOMAS.RUIZ@MAIL.COM|5|2023-01-15
45|18|2|6888|2024-01-19|15|TOMAS RUIZ|0|QUESO RALLADO 150G|1|3444|TOMAS.RUIZ@MAIL.COM|5|2023-01-15
45|87|4|6716|2024-01-19|15|TOMAS RUIZ|0|SOPA INSTANTÁNEA POLLO|1|1679|TOMAS.RUIZ@MAIL.COM|5|2023-01-15
45|98|1|2843|2024-01-19|15|TOMAS RUIZ|0|DESENGRASANTE 500ML|0|2843|TOMAS.RUIZ@MAIL.COM|5|2023-01-15
45|52|2|5164|2024-01-19|15|TOMAS RUIZ|0|DETERGENTE LÍQUIDO 750ML|0|2582|TOMAS.RUIZ@MAIL.COM|5|2023-01-15
46|21|1|272|2024-03-25|46|AGUSTINA MARTINEZ|1|PAN LACTAL INTEGRAL|1|272|AGUSTINA.MARTINEZ@MAIL.COM|3|2023-02-15
47|43|5|4435|2024-05-04|52|DIEGO DIAZ|3|SALSA DE TOMATE 500G|1|887|DIEGO.DIAZ@MAIL.COM|1|2023-02-21
47|6|3|12510|2024-05-04|52|DIEGO DIAZ|3|JUGO DE NARANJA 1L|1|4170|DIEGO.DIAZ@MAIL.COM|1|2023-02-21
48|70|1|4061|2024-01-26|84|PABLO SANCHEZ|2|FERNET 750ML|1|4061|PABLO.SANCHEZ@MAIL.COM|5|2023-03-25
48|54|5|7960|2024-01-26|84|PABLO SANCHEZ|2|JABÓN DE TOCADOR|0|1592|PABLO.SANCHEZ@MAIL.COM|5|2023-03-25
48|57|4|18080|2024-01-26|84|PABLO SANCHEZ|2|SERVILLETAS X100|0|4520|PABLO.SANCHEZ@MAIL.COM|5|2023-03-25
49|59|2|7224|2024-06-02|5|AGUSTINA FLORES|0|CHICLE MENTA|1|3612|AGUSTINA.FLORES@MAIL.COM|5|2023-01-05
49|21|4|1088|2024-06-02|5|AGUSTINA FLORES|0|PAN LACTAL INTEGRAL|1|272|AGUSTINA.FLORES@MAIL.COM|5|2023-01-05
49|59|4|14448|2024-06-02|5|AGUSTINA FLORES|0|CHICLE MENTA|1|3612|AGUSTINA.FLORES@MAIL.COM|5|2023-01-05
49|18|3|10332|2024-06-02|5|AGUSTINA FLORES|0|QUESO RALLADO 150G|1|3444|AGUSTINA.FLORES@MAIL.COM|5|2023-01-05
49|85|3|5568|2024-06-02|5|AGUSTINA FLORES|0|JUGO EN POLVO NARANJA|1|1856|AGUSTINA.FLORES@MAIL.COM|5|2023-01-05
50|10|2|9766|2024-01-09|8|BRUNO CASTRO|3|YERBA MATE INTENSA 1KG|1|4883|BRUNO.CASTRO@MAIL.COM|0|2023-01-08
50|34|5|2515|2024-01-09|8|BRUNO CASTRO|3|TURRÓN 50G|1|503|BRUNO.CASTRO@MAIL.COM|0|2023-01-08
50|58|5|23760|2024-01-09|8|BRUNO CASTRO|3|CARAMELOS MASTICABLES|1|4752|BRUNO.CASTRO@MAIL.COM|0|2023-01-08
50|32|3|6702|2024-01-09|8|BRUNO CASTRO|3|CHOCOLATE AMARGO 100G|1|2234|BRUNO.CASTRO@MAIL.COM|0|2023-01-08
50|91|4|18760|2024-01-09|8|BRUNO CASTRO|3|DESODORANTE AEROSOL|0|4690|BRUNO.CASTRO@MAIL.COM|0|2023-01-08
51|31|1|3409|2024-02-18|39|SANTIAGO DIAZ|0|MIX DE FRUTOS SECOS 200G|1|3409|SANTIAGO.DIAZ@MAIL.COM|3|2023-02-08
52|83|2|3660|2024-05-10|5|AGUSTINA FLORES|1|QUESO UNTABLE 190G|1|1830|AGUSTINA.FLORES@MAIL.COM|5|2023-01-05
52|9|4|15512|2024-05-10|5|AGUSTINA FLORES|1|YERBA MATE SUAVE 1KG|1|3878|AGUSTINA.FLORES@MAIL.COM|5|2023-01-05
52|81|5|12600|2024-05-10|5|AGUSTINA FLORES|1|ACEITUNAS VERDES 200G|1|2520|AGUSTINA.FLORES@MAIL.COM|5|2023-01-05
52|38|3|4752|2024-05-10|5|AGUSTINA FLORES|1|MERMELADA DE FRUTILLA 400G|1|1584|AGUSTINA.FLORES@MAIL.COM|5|2023-01-05
53|28|1|936|2024-01-25|56|BRUNO DIAZ|1|PAPAS FRITAS CLÁSICAS 100G|1|936|BRUNO.DIAZ@MAIL.COM|1|2023-02-25
54|65|1|2423|2024-03-26|1|MARIANA LOPEZ|1|CERVEZA RUBIA 1L|1|2423|MARIANA.LOPEZ@MAIL.COM|0|2023-01-01
54|18|2|6888|2024-03-26|1|MARIANA LOPEZ|1|QUESO RALLADO 150G|1|3444|MARIANA.LOPEZ@MAIL.COM|0|2023-01-01
54|91|3|14070|2024-03-26|1|MARIANA LOPEZ|1|DESODORANTE AEROSOL|0|4690|MARIANA.LOPEZ@MAIL.COM|0|2023-01-01
54|8|3|12654|2024-03-26|1|MARIANA LOPEZ|1|ENERGÉTICA NITRO 500ML|1|4218|MARIANA.LOPEZ@MAIL.COM|0|2023-01-01
55|39|4|1876|2024-01-04|100|AGUSTINA LOPEZ|2|HELADO VAINILLA 1L|1|469|AGUSTINA.LOPEZ@MAIL.COM|5|2023-04-10
56|18|5|17220|2024-06-14|15|TOMAS RUIZ|2|QUESO RALLADO 150G|1|3444|TOMAS.RUIZ@MAIL.COM|5|2023-01-15
57|31|3|10227|2024-01-10|34|BRUNO CASTRO|0|MIX DE FRUTOS SECOS 200G|1|3409|BRUNO.CASTRO2@MAIL.COM|4|2023-02-03
57|41|4|3440|2024-01-10|34|BRUNO CASTRO|0|ACEITE DE GIRASOL 1L|1|860|BRUNO.CASTRO2@MAIL.COM|4|2023-02-03
57|9|5|19390|2024-01-10|34|BRUNO CASTRO|0|YERBA MATE SUAVE 1KG|1|3878|BRUNO.CASTRO2@MAIL.COM|4|2023-02-03
57|76|3|12858|2024-01-10|34|BRUNO CASTRO|0|PIZZA CONGELADA MUZZARELLA|1|4286|BRUNO.CASTRO2@MAIL.COM|4|2023-02-03
57|98|4|11372|2024-01-10|34|BRUNO CASTRO|0|DESENGRASANTE 500ML|0|2843|BRUNO.CASTRO2@MAIL.COM|4|2023-02-03
58|43|2|1774|2024-02-04|48|ROCIO ALVAREZ|3|SALSA DE TOMATE 500G|1|887|ROCIO.ALVAREZ@MAIL.COM|5|2023-02-17
58|11|1|2053|2024-02-04|48|ROCIO ALVAREZ|3|CAFÉ MOLIDO 250G|1|2053|ROCIO.ALVAREZ@MAIL.COM|5|2023-02-17
59|31|1|3409|2024-04-28|62|GUADALUPE ROMERO|1|MIX DE FRUTOS SECOS 200G|1|3409|GUADALUPE.ROMERO@MAIL.COM|0|2023-03-03
59|8|2|8436|2024-04-28|62|GUADALUPE ROMERO|1|ENERGÉTICA NITRO 500ML|1|4218|GUADALUPE.ROMERO@MAIL.COM|0|2023-03-03
59|97|5|4360|2024-04-28|62|GUADALUPE ROMERO|1|LIMPIAVIDRIOS 500ML|0|872|GUADALUPE.ROMERO@MAIL.COM|0|2023-03-03
60|43|1|887|2024-04-04|81|CAMILA RUIZ|3|SALSA DE TOMATE 500G|1|887|CAMILA.RUIZ@MAIL.COM|0|2023-03-22
60|98|3|8529|2024-04-04|81|CAMILA RUIZ|3|DESENGRASANTE 500ML|0|2843|CAMILA.RUIZ@MAIL.COM|0|2023-03-22
60|15|1|2538|2024-04-04|81|CAMILA RUIZ|3|LECHE DESCREMADA 1L|1|2538|CAMILA.RUIZ@MAIL.COM|0|2023-03-22
60|21|2|544|2024-04-04|81|CAMILA RUIZ|3|PAN LACTAL INTEGRAL|1|272|CAMILA.RUIZ@MAIL.COM|0|2023-03-22
60|91|4|18760|2024-04-04|81|CAMILA RUIZ|3|DESODORANTE AEROSOL|0|4690|CAMILA.RUIZ@MAIL.COM|0|2023-03-22
61|9|3|11634|2024-06-01|27|TOMAS CASTRO|0|YERBA MATE SUAVE 1KG|1|3878|TOMAS.CASTRO@MAIL.COM|1|2023-01-27
61|19|3|9753|2024-06-01|27|TOMAS CASTRO|0|MANTECA 200G|1|3251|TOMAS.CASTRO@MAIL.COM|1|2023-01-27
62|47|4|11756|2024-05-01|100|AGUSTINA LOPEZ|3|GARBANZOS 500G|1|2939|AGUSTINA.LOPEZ@MAIL.COM|5|2023-04-10
62|95|3|4743|2024-05-01|100|AGUSTINA LOPEZ|3|MASCARILLA CAPILAR|0|1581|AGUSTINA.LOPEZ@MAIL.COM|5|2023-04-10
63|8|5|21090|2024-06-19|25|KARINA CASTRO|1|ENERGÉTICA NITRO 500ML|1|4218|KARINA.CASTRO@MAIL.COM|1|2023-01-25
63|2|2|9946|2024-06-19|25|KARINA CASTRO|1|PEPSI 1.5L|1|4973|KARINA.CASTRO@MAIL.COM|1|2023-01-25
63|70|3|12183|2024-06-19|25|KARINA CASTRO|1|FERNET 750ML|1|4061|KARINA.CASTRO@MAIL.COM|1|2023-01-25
63|45|4|2980|2024-06-19|25|KARINA CASTRO|1|FIDEOS SPAGHETTI 500G|1|745|KARINA.CASTRO@MAIL.COM|1|2023-01-25
64|4|2|4066|2024-03-07|58|KARINA ACOSTA|2|FANTA NARANJA 1.5L|1|2033|KARINA.ACOSTA2@MAIL.COM|1|2023-02-27
64|41|2|1720|2024-03-07|58|KARINA ACOSTA|2|ACEITE DE GIRASOL 1L|1|860|KARINA.ACOSTA2@MAIL.COM|1|2023-02-27
65|77|4|19112|2024-04-30|30|IVANA MEDINA|2|EMPANADAS CONGELADAS|1|4778|IVANA.MEDINA@MAIL.COM|3|2023-01-30
65|22|3|6207|2024-04-30|30|IVANA MEDINA|2|MEDIALUNAS DE MANTECA|1|2069|IVANA.MEDINA@MAIL.COM|3|2023-01-30
65|38|5|7920|2024-04-30|30|IVANA MEDINA|2|MERMELADA DE FRUTILLA 400G|1|1584|IVANA.MEDINA@MAIL.COM|3|2023-01-30
65|36|4|10236|2024-04-30|30|IVANA MEDINA|2|DULCE DE LECHE 400G|1|2559|IVANA.MEDINA@MAIL.COM|3|2023-01-30
66|16|3|13839|2024-03-14|69|FELIPE FLORES|2|YOGUR NATURAL 200G|1|4613|FELIPE.FLORES@MAIL.COM|1|2023-03-10
67|53|1|1664|2024-03-21|66|TOMAS HERRERA|0|LAVANDINA 1L|0|1664|TOMAS.HERRERA@MAIL.COM|4|2023-03-07
67|8|2|8436|2024-03-21|66|TOMAS HERRERA|0|ENERGÉTICA NITRO 500ML|1|4218|TOMAS.HERRERA@MAIL.COM|4|2023-03-07
68|94|4|5672|2024-06-28|27|TOMAS CASTRO|2|HILO DENTAL|0|1418|TOMAS.CASTRO@MAIL.COM|1|2023-01-27
69|76|4|17144|2024-01-06|42|TOMAS FLORES|2|PIZZA CONGELADA MUZZARELLA|1|4286|TOMAS.FLORES@MAIL.COM|3|2023-02-11
69|74|3|8859|2024-01-06|42|TOMAS FLORES|2|WHISKY 750ML|1|2953|TOMAS.FLORES@MAIL.COM|3|2023-02-11
70|66|3|4599|2024-02-02|41|ELENA RODRIGUEZ|3|CERVEZA NEGRA 1L|1|1533|ELENA.RODRIGUEZ2@MAIL.COM|3|2023-02-10
70|89|4|4012|2024-02-02|41|ELENA RODRIGUEZ|3|CALDO CONCENTRADO VERDURA|1|1003|ELENA.RODRIGUEZ2@MAIL.COM|3|2023-02-10
70|38|3|4752|2024-02-02|41|ELENA RODRIGUEZ|3|MERMELADA DE FRUTILLA 400G|1|1584|ELENA.RODRIGUEZ2@MAIL.COM|3|2023-02-10
71|11|3|6159|2024-06-02|40|FELIPE DIAZ|2|CAFÉ MOLIDO 250G|1|2053|FELIPE.DIAZ@MAIL.COM|1|2023-02-09
71|79|4|9680|2024-06-02|40|FELIPE DIAZ|2|HAMBURGUESAS CONGELADAS X4|1|2420|FELIPE.DIAZ@MAIL.COM|1|2023-02-09
71|100|4|19416|2024-06-02|40|FELIPE DIAZ|2|TRAPO DE PISO|0|4854|FELIPE.DIAZ@MAIL.COM|1|2023-02-09
71|92|1|2512|2024-06-02|40|FELIPE DIAZ|2|CREMA DENTAL 90G|0|2512|FELIPE.DIAZ@MAIL.COM|1|2023-02-09
72|94|3|4254|2024-02-17|26|CAMILA SANCHEZ|2|HILO DENTAL|0|1418|CAMILA.SANCHEZ@MAIL.COM|3|2023-01-26
72|41|4|3440|2024-02-17|26|CAMILA SANCHEZ|2|ACEITE DE GIRASOL 1L|1|860|CAMILA.SANCHEZ@MAIL.COM|3|2023-01-26
72|51|2|3490|2024-02-17|26|CAMILA SANCHEZ|2|SAL FINA 500G|1|1745|CAMILA.SANCHEZ@MAIL.COM|3|2023-01-26
73|28|1|936|2024-05-16|42|TOMAS FLORES|3|PAPAS FRITAS CLÁSICAS 100G|1|936|TOMAS.FLORES@MAIL.COM|3|2023-02-11
73|24|3|3915|2024-05-16|42|TOMAS FLORES|3|GALLETITAS CHOCOLATE|1|1305|TOMAS.FLORES@MAIL.COM|3|2023-02-11
73|19|1|3251|2024-05-16|42|TOMAS FLORES|3|MANTECA 200G|1|3251|TOMAS.FLORES@MAIL.COM|3|2023-02-11
74|32|3|6702|2024-04-26|56|BRUNO DIAZ|0|CHOCOLATE AMARGO 100G|1|2234|BRUNO.DIAZ@MAIL.COM|1|2023-02-25
74|14|2|3446|2024-04-26|56|BRUNO DIAZ|0|LECHE ENTERA 1L|1|1723|BRUNO.DIAZ@MAIL.COM|1|2023-02-25
74|55|2|2814|2024-04-26|56|BRUNO DIAZ|0|SHAMPOO 400ML|0|1407|BRUNO.DIAZ@MAIL.COM|1|2023-02-25
75|3|4|19856|2024-05-23|61|GUADALUPE MARTINEZ|2|SPRITE 1.5L|1|4964|GUADALUPE.MARTINEZ@MAIL.COM|1|2023-03-02
75|2|5|24865|2024-05-23|61|GUADALUPE MARTINEZ|2|PEPSI 1.5L|1|4973|GUADALUPE.MARTINEZ@MAIL.COM|1|2023-03-02
76|22|4|8276|2024-05-15|75|SANTIAGO CASTRO|1|MEDIALUNAS DE MANTECA|1|2069|SANTIAGO.CASTRO@MAIL.COM|1|2023-03-16
76|23|4|9520|2024-05-15|75|SANTIAGO CASTRO|1|BIZCOCHOS SALADOS|1|2380|SANTIAGO.CASTRO@MAIL.COM|1|2023-03-16
76|24|1|1305|2024-05-15|75|SANTIAGO CASTRO|1|GALLETITAS CHOCOLATE|1|1305|SANTIAGO.CASTRO@MAIL.COM|1|2023-03-16
76|11|2|4106|2024-05-15|75|SANTIAGO CASTRO|1|CAFÉ MOLIDO 250G|1|2053|SANTIAGO.CASTRO@MAIL.COM|1|2023-03-16
77|53|2|3328|2024-05-26|55|OLIVIA RUIZ|1|LAVANDINA 1L|0|1664|OLIVIA.RUIZ@MAIL.COM|2|2023-02-24
77|41|1|860|2024-05-26|55|OLIVIA RUIZ|1|ACEITE DE GIRASOL 1L|1|860|OLIVIA.RUIZ@MAIL.COM|2|2023-02-24
77|34|5|2515|2024-05-26|55|OLIVIA RUIZ|1|TURRÓN 50G|1|503|OLIVIA.RUIZ@MAIL.COM|2|2023-02-24
77|98|2|5686|2024-05-26|55|OLIVIA RUIZ|1|DESENGRASANTE 500ML|0|2843|OLIVIA.RUIZ@MAIL.COM|2|2023-02-24
77|39|2|938|2024-05-26|55|OLIVIA RUIZ|1|HELADO VAINILLA 1L|1|469|OLIVIA.RUIZ@MAIL.COM|2|2023-02-24
78|37|3|9588|2024-04-29|12|GAEL GOMEZ|2|MERMELADA DE DURAZNO 400G|1|3196|GAEL.GOMEZ@MAIL.COM|3|2023-01-12
78|79|5|12100|2024-04-29|12|GAEL GOMEZ|2|HAMBURGUESAS CONGELADAS X4|1|2420|GAEL.GOMEZ@MAIL.COM|3|2023-01-12
78|17|2|9668|2024-04-29|12|GAEL GOMEZ|2|QUESO CREMOSO 500G|1|4834|GAEL.GOMEZ@MAIL.COM|3|2023-01-12
78|85|1|1856|2024-04-29|12|GAEL GOMEZ|2|JUGO EN POLVO NARANJA|1|1856|GAEL.GOMEZ@MAIL.COM|3|2023-01-12
78|39|2|938|2024-04-29|12|GAEL GOMEZ|2|HELADO VAINILLA 1L|1|469|GAEL.GOMEZ@MAIL.COM|3|2023-01-12
79|81|2|5040|2024-06-06|57|JULIAN ACOSTA|2|ACEITUNAS VERDES 200G|1|2520|JULIAN.ACOSTA@MAIL.COM|1|2023-02-26
79|56|2|5064|2024-06-06|57|JULIAN ACOSTA|2|PAPEL HIGIÉNICO X4|0|2532|JULIAN.ACOSTA@MAIL.COM|1|2023-02-26
80|39|5|2345|2024-03-25|54|UMA HERRERA|0|HELADO VAINILLA 1L|1|469|UMA.HERRERA@MAIL.COM|3|2023-02-23
80|30|3|14625|2024-03-25|54|UMA HERRERA|0|MANÍ SALADO 200G|1|4875|UMA.HERRERA@MAIL.COM|3|2023-02-23
80|41|5|4300|2024-03-25|54|UMA HERRERA|0|ACEITE DE GIRASOL 1L|1|860|UMA.HERRERA@MAIL.COM|3|2023-02-23
81|10|2|9766|2024-03-09|49|OLIVIA GOMEZ|3|YERBA MATE INTENSA 1KG|1|4883|OLIVIA.GOMEZ@MAIL.COM|1|2023-02-18
82|38|1|1584|2024-01-25|19|UMA SILVA|1|MERMELADA DE FRUTILLA 400G|1|1584|UMA.SILVA@MAIL.COM|2|2023-01-19
82|28|2|1872|2024-01-25|19|UMA SILVA|1|PAPAS FRITAS CLÁSICAS 100G|1|936|UMA.SILVA@MAIL.COM|2|2023-01-19
82|29|5|9340|2024-01-25|19|UMA SILVA|1|PAPAS FRITAS ONDULADAS 100G|1|1868|UMA.SILVA@MAIL.COM|2|2023-01-19
82|82|2|4788|2024-01-25|19|UMA SILVA|1|ACEITUNAS NEGRAS 200G|1|2394|UMA.SILVA@MAIL.COM|2|2023-01-19
83|5|2|9554|2024-05-28|91|UMA SANCHEZ|0|AGUA MINERAL 500ML|1|4777|UMA.SANCHEZ@MAIL.COM|2|2023-04-01
83|26|2|2002|2024-05-28|91|UMA SANCHEZ|0|ALFAJOR TRIPLE|1|1001|UMA.SANCHEZ@MAIL.COM|2|2023-04-01
83|73|5|7805|2024-05-28|91|UMA SANCHEZ|0|GIN 700ML|1|1561|UMA.SANCHEZ@MAIL.COM|2|2023-04-01
83|51|2|3490|2024-05-28|91|UMA SANCHEZ|0|SAL FINA 500G|1|1745|UMA.SANCHEZ@MAIL.COM|2|2023-04-01
84|83|5|9150|2024-01-02|72|CAMILA RODRIGUEZ|0|QUESO UNTABLE 190G|1|1830|CAMILA.RODRIGUEZ@MAIL.COM|5|2023-03-13
84|76|4|17144|2024-01-02|72|CAMILA RODRIGUEZ|0|PIZZA CONGELADA MUZZARELLA|1|4286|CAMILA.RODRIGUEZ@MAIL.COM|5|2023-03-13
85|32|4|8936|2024-01-23|42|TOMAS FLORES|3|CHOCOLATE AMARGO 100G|1|2234|TOMAS.FLORES@MAIL.COM|3|2023-02-11
85|80|2|3962|2024-01-23|42|TOMAS FLORES|3|HELADO DE FRUTILLA 1L|1|1981|TOMAS.FLORES@MAIL.COM|3|2023-02-11
86|66|2|3066|2024-01-10|40|FELIPE DIAZ|0|CERVEZA NEGRA 1L|1|1533|FELIPE.DIAZ@MAIL.COM|1|2023-02-09
86|1|4|9388|2024-01-10|40|FELIPE DIAZ|0|COCA COLA 1.5L|1|2347|FELIPE.DIAZ@MAIL.COM|1|2023-02-09
86|13|5|11915|2024-01-10|40|FELIPE DIAZ|0|TÉ VERDE 20 SAQUITOS|1|2383|FELIPE.DIAZ@MAIL.COM|1|2023-02-09
86|41|3|2580|2024-01-10|40|FELIPE DIAZ|0|ACEITE DE GIRASOL 1L|1|860|FELIPE.DIAZ@MAIL.COM|1|2023-02-09
87|53|2|3328|2024-04-20|100|AGUSTINA LOPEZ|2|LAVANDINA 1L|0|1664|AGUSTINA.LOPEZ@MAIL.COM|5|2023-04-10
87|86|2|8180|2024-04-20|100|AGUSTINA LOPEZ|2|JUGO EN POLVO LIMÓN|1|4090|AGUSTINA.LOPEZ@MAIL.COM|5|2023-04-10
88|7|5|16345|2024-06-21|37|MARTINA PEREZ|0|JUGO DE MANZANA 1L|1|3269|MARTINA.PEREZ@MAIL.COM|2|2023-02-06
88|53|5|8320|2024-06-21|37|MARTINA PEREZ|0|LAVANDINA 1L|0|1664|MARTINA.PEREZ@MAIL.COM|2|2023-02-06
88|8|4|16872|2024-06-21|37|MARTINA PEREZ|0|ENERGÉTICA NITRO 500ML|1|4218|MARTINA.PEREZ@MAIL.COM|2|2023-02-06
89|72|2|7752|2024-01-18|17|PABLO GOMEZ|1|RON 700ML|1|3876|PABLO.GOMEZ@MAIL.COM|4|2023-01-17
90|79|4|9680|2024-01-08|46|AGUSTINA MARTINEZ|2|HAMBURGUESAS CONGELADAS X4|1|2420|AGUSTINA.MARTINEZ@MAIL.COM|3|2023-02-15
90|6|2|8340|2024-01-08|46|AGUSTINA MARTINEZ|2|JUGO DE NARANJA 1L|1|4170|AGUSTINA.MARTINEZ@MAIL.COM|3|2023-02-15
91|57|3|13560|2024-02-19|39|SANTIAGO DIAZ|0|SERVILLETAS X100|0|4520|SANTIAGO.DIAZ@MAIL.COM|3|2023-02-08
92|10|2|9766|2024-02-09|42|TOMAS FLORES|3|YERBA MATE INTENSA 1KG|1|4883|TOMAS.FLORES@MAIL.COM|3|2023-02-11
92|43|4|3548|2024-02-09|42|TOMAS FLORES|3|SALSA DE TOMATE 500G|1|887|TOMAS.FLORES@MAIL.COM|3|2023-02-11
93|80|4|7924|2024-01-29|90|GUADALUPE RUIZ|0|HELADO DE FRUTILLA 1L|1|1981|GUADALUPE.RUIZ@MAIL.COM|1|2023-03-31
93|66|3|4599|2024-01-29|90|GUADALUPE RUIZ|0|CERVEZA NEGRA 1L|1|1533|GUADALUPE.RUIZ@MAIL.COM|1|2023-03-31
93|91|3|14070|2024-01-29|90|GUADALUPE RUIZ|0|DESODORANTE AEROSOL|0|4690|GUADALUPE.RUIZ@MAIL.COM|1|2023-03-31
94|24|1|1305|2024-03-06|41|ELENA RODRIGUEZ|2|GALLETITAS CHOCOLATE|1|1305|ELENA.RODRIGUEZ2@MAIL.COM|3|2023-02-10
94|86|5|20450|2024-03-06|41|ELENA RODRIGUEZ|2|JUGO EN POLVO LIMÓN|1|4090|ELENA.RODRIGUEZ2@MAIL.COM|3|2023-02-10
94|98|2|5686|2024-03-06|41|ELENA RODRIGUEZ|2|DESENGRASANTE 500ML|0|2843|ELENA.RODRIGUEZ2@MAIL.COM|3|2023-02-10
95|72|5|19380|2024-02-25|26|CAMILA SANCHEZ|2|RON 700ML|1|3876|CAMILA.SANCHEZ@MAIL.COM|3|2023-01-26
95|12|1|570|2024-02-25|26|CAMILA SANCHEZ|2|TÉ NEGRO 20 SAQUITOS|1|570|CAMILA.SANCHEZ@MAIL.COM|3|2023-01-26
96|81|3|7560|2024-02-23|83|FRANCO GOMEZ|1|ACEITUNAS VERDES 200G|1|2520|FRANCO.GOMEZ@MAIL.COM|1|2023-03-24
96|68|1|2684|2024-02-23|83|FRANCO GOMEZ|1|VINO BLANCO 750ML|1|2684|FRANCO.GOMEZ@MAIL.COM|1|2023-03-24
96|11|2|4106|2024-02-23|83|FRANCO GOMEZ|1|CAFÉ MOLIDO 250G|1|2053|FRANCO.GOMEZ@MAIL.COM|1|2023-03-24
96|50|3|2181|2024-02-23|83|FRANCO GOMEZ|1|AZÚCAR 1KG|1|727|FRANCO.GOMEZ@MAIL.COM|1|2023-03-24
97|59|5|18060|2024-06-16|39|SANTIAGO DIAZ|0|CHICLE MENTA|1|3612|SANTIAGO.DIAZ@MAIL.COM|3|2023-02-08
97|36|1|2559|2024-06-16|39|SANTIAGO DIAZ|0|DULCE DE LECHE 400G|1|2559|SANTIAGO.DIAZ@MAIL.COM|3|2023-02-08
97|4|3|6099|2024-06-16|39|SANTIAGO DIAZ|0|FANTA NARANJA 1.5L|1|2033|SANTIAGO.DIAZ@MAIL.COM|3|2023-02-08
98|28|4|3744|2024-01-12|43|LUCAS PEREZ|3|PAPAS FRITAS CLÁSICAS 100G|1|936|LUCAS.PEREZ@MAIL.COM|2|2023-02-12
98|61|1|4982|2024-01-12|43|LUCAS PEREZ|3|MIEL PURA 250G|1|4982|LUCAS.PEREZ@MAIL.COM|2|2023-02-12
98|29|1|1868|2024-01-12|43|LUCAS PEREZ|3|PAPAS FRITAS ONDULADAS 100G|1|1868|LUCAS.PEREZ@MAIL.COM|2|2023-02-12
98|83|3|5490|2024-01-12|43|LUCAS PEREZ|3|QUESO UNTABLE 190G|1|1830|LUCAS.PEREZ@MAIL.COM|2|2023-02-12
99|40|5|6075|2024-03-13|51|AGUSTINA GOMEZ|3|HELADO CHOCOLATE 1L|1|1215|AGUSTINA.GOMEZ@MAIL.COM|1|2023-02-20
100|13|3|7149|2024-06-08|69|FELIPE FLORES|2|TÉ VERDE 20 SAQUITOS|1|2383|FELIPE.FLORES@MAIL.COM|1|2023-03-10
100|18|4|13776|2024-06-08|69|FELIPE FLORES|2|QUESO RALLADO 150G|1|3444|FELIPE.FLORES@MAIL.COM|1|2023-03-10
100|58|2|9504|2024-06-08|69|FELIPE FLORES|2|CARAMELOS MASTICABLES|1|4752|FELIPE.FLORES@MAIL.COM|1|2023-03-10
100|57|1|4520|2024-06-08|69|FELIPE FLORES|2|SERVILLETAS X100|0|4520|FELIPE.FLORES@MAIL.COM|1|2023-03-10
100|9|4|15512|2024-06-08|69|FELIPE FLORES|2|YERBA MATE SUAVE 1KG|1|3878|FELIPE.FLORES@MAIL.COM|1|2023-03-10
101|34|4|2012|2024-03-28|72|CAMILA RODRIGUEZ|0|TURRÓN 50G|1|503|CAMILA.RODRIGUEZ@MAIL.COM|5|2023-03-13
102|78|3|12867|2024-03-29|18|IVANA TORRES|0|VERDURAS CONGELADAS MIX|1|4289|IVANA.TORRES@MAIL.COM|0|2023-01-18
102|36|3|7677|2024-03-29|18|IVANA TORRES|0|DULCE DE LECHE 400G|1|2559|IVANA.TORRES@MAIL.COM|0|2023-01-18
103|79|5|12100|2024-03-11|39|SANTIAGO DIAZ|0|HAMBURGUESAS CONGELADAS X4|1|2420|SANTIAGO.DIAZ@MAIL.COM|3|2023-02-08
103|43|5|4435|2024-03-11|39|SANTIAGO DIAZ|0|SALSA DE TOMATE 500G|1|887|SANTIAGO.DIAZ@MAIL.COM|3|2023-02-08
103|34|1|503|2024-03-11|39|SANTIAGO DIAZ|0|TURRÓN 50G|1|503|SANTIAGO.DIAZ@MAIL.COM|3|2023-02-08
103|70|1|4061|2024-03-11|39|SANTIAGO DIAZ|0|FERNET 750ML|1|4061|SANTIAGO.DIAZ@MAIL.COM|3|2023-02-08
104|95|2|3162|2024-06-17|86|DIEGO TORRES|2|MASCARILLA CAPILAR|0|1581|DIEGO.TORRES@MAIL.COM|5|2023-03-27
104|68|3|8052|2024-06-17|86|DIEGO TORRES|2|VINO BLANCO 750ML|1|2684|DIEGO.TORRES@MAIL.COM|5|2023-03-27
104|68|5|13420|2024-06-17|86|DIEGO TORRES|2|VINO BLANCO 750ML|1|2684|DIEGO.TORRES@MAIL.COM|5|2023-03-27
105|13|2|4766|2024-02-06|1|MARIANA LOPEZ|3|TÉ VERDE 20 SAQUITOS|1|2383|MARIANA.LOPEZ@MAIL.COM|0|2023-01-01
105|4|4|8132|2024-02-06|1|MARIANA LOPEZ|3|FANTA NARANJA 1.5L|1|2033|MARIANA.LOPEZ@MAIL.COM|0|2023-01-01
105|58|2|9504|2024-02-06|1|MARIANA LOPEZ|3|CARAMELOS MASTICABLES|1|4752|MARIANA.LOPEZ@MAIL.COM|0|2023-01-01
105|82|4|9576|2024-02-06|1|MARIANA LOPEZ|3|ACEITUNAS NEGRAS 200G|1|2394|MARIANA.LOPEZ@MAIL.COM|0|2023-01-01
105|43|5|4435|2024-02-06|1|MARIANA LOPEZ|3|SALSA DE TOMATE 500G|1|887|MARIANA.LOPEZ@MAIL.COM|0|2023-01-01
106|88|3|7710|2024-03-24|82|LUCAS LOPEZ|3|CALDO CONCENTRADO CARNE|1|2570|LUCAS.LOPEZ@MAIL.COM|3|2023-03-23
107|7|4|13076|2024-05-21|14|GAEL MARTINEZ|0|JUGO DE MANZANA 1L|1|3269|GAEL.MARTINEZ@MAIL.COM|0|2023-01-14
107|11|2|4106|2024-05-21|14|GAEL MARTINEZ|0|CAFÉ MOLIDO 250G|1|2053|GAEL.MARTINEZ@MAIL.COM|0|2023-01-14
107|12|4|2280|2024-05-21|14|GAEL MARTINEZ|0|TÉ NEGRO 20 SAQUITOS|1|570|GAEL.MARTINEZ@MAIL.COM|0|2023-01-14
107|5|4|19108|2024-05-21|14|GAEL MARTINEZ|0|AGUA MINERAL 500ML|1|4777|GAEL.MARTINEZ@MAIL.COM|0|2023-01-14
108|90|4|11608|2024-03-25|9|YAMILA MOLINA|1|TOALLAS HÚMEDAS X50|0|2902|YAMILA.MOLINA@MAIL.COM|0|2023-01-09
109|18|1|3444|2024-06-04|64|JULIAN ALVAREZ|3|QUESO RALLADO 150G|1|3444|JULIAN.ALVAREZ@MAIL.COM|4|2023-03-05
109|74|1|2953|2024-06-04|64|JULIAN ALVAREZ|3|WHISKY 750ML|1|2953|JULIAN.ALVAREZ@MAIL.COM|4|2023-03-05
109|20|2|3142|2024-06-04|64|JULIAN ALVAREZ|3|PAN LACTAL BLANCO|1|1571|JULIAN.ALVAREZ@MAIL.COM|4|2023-03-05
109|44|5|14895|2024-06-04|64|JULIAN ALVAREZ|3|ARROZ LARGO FINO 1KG|1|2979|JULIAN.ALVAREZ@MAIL.COM|4|2023-03-05
110|6|1|4170|2024-05-19|92|MARIANA RODRIGUEZ|0|JUGO DE NARANJA 1L|1|4170|MARIANA.RODRIGUEZ@MAIL.COM|3|2023-04-02
110|59|3|10836|2024-05-19|92|MARIANA RODRIGUEZ|0|CHICLE MENTA|1|3612|MARIANA.RODRIGUEZ@MAIL.COM|3|2023-04-02
110|6|5|20850|2024-05-19|92|MARIANA RODRIGUEZ|0|JUGO DE NARANJA 1L|1|4170|MARIANA.RODRIGUEZ@MAIL.COM|3|2023-04-02
111|97|4|3488|2024-02-12|48|ROCIO ALVAREZ|0|LIMPIAVIDRIOS 500ML|0|872|ROCIO.ALVAREZ@MAIL.COM|5|2023-02-17
111|93|3|6426|2024-02-12|48|ROCIO ALVAREZ|0|CEPILLO DE DIENTES|0|2142|ROCIO.ALVAREZ@MAIL.COM|5|2023-02-17
111|20|2|3142|2024-02-12|48|ROCIO ALVAREZ|0|PAN LACTAL BLANCO|1|1571|ROCIO.ALVAREZ@MAIL.COM|5|2023-02-17
111|23|4|9520|2024-02-12|48|ROCIO ALVAREZ|0|BIZCOCHOS SALADOS|1|2380|ROCIO.ALVAREZ@MAIL.COM|5|2023-02-17
112|55|1|1407|2024-01-19|28|ROCIO SILVA|1|SHAMPOO 400ML|0|1407|ROCIO.SILVA@MAIL.COM|5|2023-01-28
112|21|4|1088|2024-01-19|28|ROCIO SILVA|1|PAN LACTAL INTEGRAL|1|272|ROCIO.SILVA@MAIL.COM|5|2023-01-28
112|43|5|4435|2024-01-19|28|ROCIO SILVA|1|SALSA DE TOMATE 500G|1|887|ROCIO.SILVA@MAIL.COM|5|2023-01-28
112|13|2|4766|2024-01-19|28|ROCIO SILVA|1|TÉ VERDE 20 SAQUITOS|1|2383|ROCIO.SILVA@MAIL.COM|5|2023-01-28
112|59|1|3612|2024-01-19|28|ROCIO SILVA|1|CHICLE MENTA|1|3612|ROCIO.SILVA@MAIL.COM|5|2023-01-28
113|53|2|3328|2024-03-08|98|CAMILA CASTRO|3|LAVANDINA 1L|0|1664|CAMILA.CASTRO@MAIL.COM|5|2023-04-08
113|92|3|7536|2024-03-08|98|CAMILA CASTRO|3|CREMA DENTAL 90G|0|2512|CAMILA.CASTRO@MAIL.COM|5|2023-04-08
114|8|1|4218|2024-05-05|16|FELIPE ALVAREZ|2|ENERGÉTICA NITRO 500ML|1|4218|FELIPE.ALVAREZ@MAIL.COM|1|2023-01-16
114|84|1|1645|2024-05-05|16|FELIPE ALVAREZ|2|QUESO AZUL 150G|1|1645|FELIPE.ALVAREZ@MAIL.COM|1|2023-01-16
114|10|1|4883|2024-05-05|16|FELIPE ALVAREZ|2|YERBA MATE INTENSA 1KG|1|4883|FELIPE.ALVAREZ@MAIL.COM|1|2023-01-16
114|55|5|7035|2024-05-05|16|FELIPE ALVAREZ|2|SHAMPOO 400ML|0|1407|FELIPE.ALVAREZ@MAIL.COM|1|2023-01-16
114|92|4|10048|2024-05-05|16|FELIPE ALVAREZ|2|CREMA DENTAL 90G|0|2512|FELIPE.ALVAREZ@MAIL.COM|1|2023-01-16
115|17|4|19336|2024-02-16|3|HERNAN MARTINEZ|3|QUESO CREMOSO 500G|1|4834|HERNAN.MARTINEZ@MAIL.COM|1|2023-01-03
115|97|5|4360|2024-02-16|3|HERNAN MARTINEZ|3|LIMPIAVIDRIOS 500ML|0|872|HERNAN.MARTINEZ@MAIL.COM|1|2023-01-03
115|95|4|6324|2024-02-16|3|HERNAN MARTINEZ|3|MASCARILLA CAPILAR|0|1581|HERNAN.MARTINEZ@MAIL.COM|1|2023-01-03
115|84|2|3290|2024-02-16|3|HERNAN MARTINEZ|3|QUESO AZUL 150G|1|1645|HERNAN.MARTINEZ@MAIL.COM|1|2023-01-03
116|65|1|2423|2024-03-18|25|KARINA CASTRO|2|CERVEZA RUBIA 1L|1|2423|KARINA.CASTRO@MAIL.COM|1|2023-01-25
116|35|2|8860|2024-03-18|25|KARINA CASTRO|2|BARRITA DE CEREAL 30G|1|4430|KARINA.CASTRO@MAIL.COM|1|2023-01-25
116|42|4|4780|2024-03-18|25|KARINA CASTRO|2|VINAGRE DE ALCOHOL 500ML|1|1195|KARINA.CASTRO@MAIL.COM|1|2023-01-25
116|54|5|7960|2024-03-18|25|KARINA CASTRO|2|JABÓN DE TOCADOR|0|1592|KARINA.CASTRO@MAIL.COM|1|2023-01-25
116|90|4|11608|2024-03-18|25|KARINA CASTRO|2|TOALLAS HÚMEDAS X50|0|2902|KARINA.CASTRO@MAIL.COM|1|2023-01-25
117|67|4|18876|2024-03-14|72|CAMILA RODRIGUEZ|1|VINO TINTO MALBEC 750ML|1|4719|CAMILA.RODRIGUEZ@MAIL.COM|5|2023-03-13
117|61|2|9964|2024-03-14|72|CAMILA RODRIGUEZ|1|MIEL PURA 250G|1|4982|CAMILA.RODRIGUEZ@MAIL.COM|5|2023-03-13
118|68|5|13420|2024-02-09|84|PABLO SANCHEZ|0|VINO BLANCO 750ML|1|2684|PABLO.SANCHEZ@MAIL.COM|5|2023-03-25
118|68|3|8052|2024-02-09|84|PABLO SANCHEZ|0|VINO BLANCO 750ML|1|2684|PABLO.SANCHEZ@MAIL.COM|5|2023-03-25
118|70|2|8122|2024-02-09|84|PABLO SANCHEZ|0|FERNET 750ML|1|4061|PABLO.SANCHEZ@MAIL.COM|5|2023-03-25
118|93|3|6426|2024-02-09|84|PABLO SANCHEZ|0|CEPILLO DE DIENTES|0|2142|PABLO.SANCHEZ@MAIL.COM|5|2023-03-25
118|50|2|1454|2024-02-09|84|PABLO SANCHEZ|0|AZÚCAR 1KG|1|727|PABLO.SANCHEZ@MAIL.COM|5|2023-03-25
119|45|5|3725|2024-02-07|51|AGUSTINA GOMEZ|2|FIDEOS SPAGHETTI 500G|1|745|AGUSTINA.GOMEZ@MAIL.COM|1|2023-02-20
120|20|5|7855|2024-04-21|72|CAMILA RODRIGUEZ|1|PAN LACTAL BLANCO|1|1571|CAMILA.RODRIGUEZ@MAIL.COM|5|2023-03-13
